chromosome,start,end,gRNA,efficiency,specificity,strand,offtargets,offtargets,annotation,gRNAlabel
chrI,67186,67208,AAGATCAAGAAACGCATCTT,45,1.0,+,0,2:0|3:0,*,gRNA_1__1
chrI,67220,67242,GCTGAGAGTTGAAGTTAGTC,49,1.0,+,0,2:0|3:0,*,gRNA_1__2
chrI,67231,67253,AAGTTAGTCAGGTTGTACAG,70,1.0,+,0,2:0|3:0,*,gRNA_1__3
chrI,67244,67266,TGTACAGCGGCCTTTCTGTG,56,1.0,+,0,2:0|3:0,*,gRNA_1__4
chrI,67245,67267,GTACAGCGGCCTTTCTGTGT,52,1.0,+,0,2:0|3:0,*,gRNA_1__5
chrI,67253,67275,GCCTTTCTGTGTGGGAAAGA,52,1.0,+,0,2:0|3:0,*,gRNA_1__6
chrI,67254,67276,TCCGTCTTTCCCACACAGAA,47,1.0,-,0,2:0|3:0,*,gRNA_1__7
chrI,67262,67284,TGTGGGAAAGACGGAAATAG,56,1.0,+,0,2:0|3:0,*,gRNA_1__8
chrI,67286,67308,CGAATACAATAATGATCAAT,40,1.0,-,0,2:0|3:0,*,gRNA_1__9
chrI,67333,67355,AATTCTCTTTTAACGAGATT,34,1.0,+,0,2:0|3:0,*,gRNA_1__10
chrI,67359,67381,TTTAGACTTTGCACTAGCAA,55,1.0,+,0,2:0|3:0,*,gRNA_1__11
chrI,67382,67404,CTTGCTCTTGCAAAAGAGGC,47,1.0,-,0,2:0|3:0,*,gRNA_1__12
chrI,67383,67405,CCGCCTCTTTTGCAAGAGCA,47,1.0,+,0,2:0|3:0,*,gRNA_1__13
chrI,67383,67405,CCTTGCTCTTGCAAAAGAGG,49,1.0,-,0,2:0|3:0,*,gRNA_1__14
chrI,67384,67406,CGCCTCTTTTGCAAGAGCAA,51,1.0,+,0,2:0|3:0,*,gRNA_1__15
chrI,67386,67408,TGCCCTTGCTCTTGCAAAAG,41,1.0,-,0,2:0|3:0,*,gRNA_1__16
chrI,67393,67415,TGCAAGAGCAAGGGCAAATT,28,1.0,+,0,2:0|3:0,*,gRNA_1__17
chrI,67401,67423,CAAGGGCAAATTAGGACATG,59,1.0,+,0,2:0|3:0,*,gRNA_1__18
chrI,67416,67438,ACATGAGGCAGCGCTGACAG,62,1.0,+,0,2:0|3:0,*,gRNA_1__19
chrI,67419,67441,TGAGGCAGCGCTGACAGAGG,53,1.0,+,0,2:0|3:0,*,gRNA_1__20
chrI,67425,67447,AGCGCTGACAGAGGCGGCAG,45,1.0,+,0,2:0|3:0,*,gRNA_1__21
chrI,67428,67450,GCTGACAGAGGCGGCAGTGG,51,1.0,+,0,2:0|3:0,*,gRNA_1__22
chrI,67446,67468,GGCGGTGGAAGTGCCACTAG,63,1.0,+,0,2:0|3:0,*,gRNA_1__23
chrI,67459,67481,GCAAGGTATGCTACCGCTAG,56,1.0,-,0,2:0|3:0,*,gRNA_1__24
chrI,67476,67498,TAATTAGATACGCTAATGCA,63,1.0,-,0,2:0|3:0,*,gRNA_1__25
chrI,67479,67501,TGCATTAGCGTATCTAATTA,24,1.0,+,0,2:0|3:0,*,gRNA_1__26
chrI,67494,67516,AATTATGGTATCCTTCAATA,38,1.0,+,0,2:0|3:0,*,gRNA_1__27
chrI,67505,67527,CTGTACGATGGCCATATTGA,41,1.0,-,0,2:0|3:0,*,gRNA_1__28
chrI,67517,67539,TTGATACGCTTTCTGTACGA,59,1.0,-,0,2:0|3:0,*,gRNA_1__29
chrI,67544,67566,GTGTCTTGAACGAGAGTAAA,23,1.0,+,0,2:0|3:0,*,gRNA_1__30
chrI,67545,67567,TGTCTTGAACGAGAGTAAAA,56,1.0,+,0,2:0|3:0,*,gRNA_1__31
chrI,67556,67578,AGAGTAAAAGGGAGATGCAA,55,1.0,+,0,2:0|3:0,*,gRNA_1__32
chrI,67575,67597,ATGGAATGTAAGAAATGCTA,51,1.0,+,0,2:0|3:0,*,gRNA_1__33
chrI,67576,67598,TGGAATGTAAGAAATGCTAT,61,1.0,+,0,2:0|3:0,*,gRNA_1__34
chrI,67596,67618,GGGTCAGAAAAGAAATGCAG,63,1.0,+,0,2:0|3:0,*,gRNA_1__35
chrI,67613,67635,CAGAGGAGTTAAACCGAATG,55,1.0,+,0,2:0|3:0,*,gRNA_1__36
chrI,67624,67646,AACCGAATGAGGAAATGCAA,59,1.0,+,0,2:0|3:0,*,gRNA_1__37
chrI,67626,67648,ATCCATTGCATTTCCTCATT,35,1.0,-,0,2:0|3:0,*,gRNA_1__38
chrI,67638,67660,ATGCAATGGATACGTTAAAT,27,1.0,+,0,2:0|3:0,*,gRNA_1__39
chrI,67658,67680,TGGAGATGTGAGATTGCGAC,55,1.0,+,0,2:0|3:0,*,gRNA_1__40
chrI,67659,67681,GGAGATGTGAGATTGCGACT,67,1.0,+,0,2:0|3:0,*,gRNA_1__41
chrI,67665,67687,GTGAGATTGCGACTGGGACT,53,1.0,+,0,2:0|3:0,*,gRNA_1__42
chrI,67669,67691,GATTGCGACTGGGACTCGGA,70,1.0,+,0,2:0|3:0,*,gRNA_1__43
chrI,67683,67705,CTCGGATGGATGCTTGCTTT,23,1.0,+,0,2:0|3:0,*,gRNA_1__44
chrI,67707,67729,TGCTAGTACAGAGAAAAAAG,56,1.0,+,0,2:0|3:0,*,gRNA_1__45
chrI,67708,67730,GCTAGTACAGAGAAAAAAGA,61,1.0,+,0,2:0|3:0,*,gRNA_1__46
chrI,67749,67771,AGAAAAAGGTTGGTTTAAGT,52,1.0,+,0,2:0|3:0,*,gRNA_1__47
chrI,67755,67777,AGGTTGGTTTAAGTCGGCAG,60,1.0,+,0,2:0|3:0,*,gRNA_1__48
chrI,67766,67788,AGTCGGCAGAGGAGACTACT,54,1.0,+,0,2:0|3:0,*,gRNA_1__49
chrI,67767,67789,GTCGGCAGAGGAGACTACTC,65,1.0,+,0,2:0|3:0,*,gRNA_1__50
chrI,67785,67807,TCGGGCAATTCGTTTCCTAA,33,1.0,+,0,2:0|3:0,*,gRNA_1__51
chrI,67786,67808,CGGGCAATTCGTTTCCTAAT,32,1.0,+,0,2:0|3:0,*,gRNA_1__52
chrI,67800,67822,GAAAGAGGACTATACCCATT,46,1.0,-,0,2:0|3:0,*,gRNA_1__53
chrI,67815,67837,AAATGGATTTCTGAGGAAAG,56,1.0,-,0,2:0|3:0,*,gRNA_1__54
chrI,67821,67843,TCCTCAGAAATCCATTTGAC,49,1.0,+,0,2:0|3:0,*,gRNA_1__55
chrI,67822,67844,GCCAGTCAAATGGATTTCTG,64,1.0,-,0,2:0|3:0,*,gRNA_1__56
chrI,67832,67854,TACTGAGTCTGCCAGTCAAA,45,1.0,-,0,2:0|3:0,*,gRNA_1__57
chrI,67914,67936,AGAAGAAGATTAAAAGCTCG,59,1.0,+,0,2:0|3:0,*,gRNA_1__58
chrI,67943,67965,CAGATATACAAATTATAAAT,32,1.0,+,0,2:0|3:0,*,gRNA_1__59
chrI,67947,67969,TATACAAATTATAAATAGGT,56,1.0,+,0,2:0|3:0,*,gRNA_1__60
chrI,67950,67972,ACAAATTATAAATAGGTAGG,54,1.0,+,0,2:0|3:0,*,gRNA_1__61
chrI,67984,68006,AAGATGAGGGCAAAAACCCA,61,1.0,+,0,2:0|3:0,*,gRNA_1__62
chrI,67994,68016,CAAAAACCCAAGGCCAAATA,28,1.0,+,0,2:0|3:0,*,gRNA_1__63
chrI,68000,68022,ACATTTCCATATTTGGCCTT,36,1.0,-,0,2:0|3:0,*,gRNA_1__64
chrI,68001,68023,CACATTTCCATATTTGGCCT,32,1.0,-,0,2:0|3:0,*,gRNA_1__65
chrI,68002,68024,CAAGGCCAAATATGGAAATG,62,1.0,+,0,2:0|3:0,*,gRNA_1__66
chrI,68007,68029,CTCTGCCACATTTCCATATT,12,1.0,-,0,2:0|3:0,*,gRNA_1__67
chrI,68008,68030,CAAATATGGAAATGTGGCAG,56,1.0,+,0,2:0|3:0,*,gRNA_1__68
chrI,68009,68031,AAATATGGAAATGTGGCAGA,63,1.0,+,0,2:0|3:0,*,gRNA_1__69
chrI,68042,68064,AAGTTACATAAATTTACTAT,51,1.0,-,0,2:0|3:0,*,gRNA_1__70
chrI,68063,68085,TTGATCATTACAGTGAGAGC,53,1.0,+,0,2:0|3:0,*,gRNA_1__71
chrI,68068,68090,CATTACAGTGAGAGCAGGCT,47,1.0,+,0,2:0|3:0,*,gRNA_1__72
chrI,68107,68129,AGAAAAAGTGAAAAATTATC,35,1.0,-,0,2:0|3:0,*,gRNA_1__73
chrI,68138,68160,TTCTTGAAAGTTCACAATTT,16,1.0,+,0,2:0|3:0,*,gRNA_1__74
chrI,68139,68161,TCTTGAAAGTTCACAATTTA,24,1.0,+,0,2:0|3:0,*,gRNA_1__75
chrI,68157,68179,TAGGGTTTGAGCACAGCGTT,47,1.0,+,0,2:0|3:0,*,gRNA_1__76
chrI,68178,68200,GGTTGCGACACTTCCCCAGA,56,1.0,+,0,2:0|3:0,*,gRNA_1__77
chrI,68186,68208,CACTTCCCCAGAAGGAAAAC,44,1.0,+,0,2:0|3:0,*,gRNA_1__78
chrI,68191,68213,AGAGGCCGGTTTTCCTTCTG,59,1.0,-,0,2:0|3:0,*,gRNA_1__79
chrI,68192,68214,AAGAGGCCGGTTTTCCTTCT,36,1.0,-,0,2:0|3:0,*,gRNA_1__80
chrI,68193,68215,AAAGAGGCCGGTTTTCCTTC,32,1.0,-,0,2:0|3:0,*,gRNA_1__81
chrI,68195,68217,AGAAGGAAAACCGGCCTCTT,33,1.0,+,0,2:0|3:0,*,gRNA_1__82
chrI,68199,68221,GGAAAACCGGCCTCTTTGGC,40,1.0,+,0,2:0|3:0,*,gRNA_1__83
chrI,68200,68222,GAAAACCGGCCTCTTTGGCT,49,1.0,+,0,2:0|3:0,*,gRNA_1__84
chrI,68201,68223,AAAACCGGCCTCTTTGGCTG,53,1.0,+,0,2:0|3:0,*,gRNA_1__85
chrI,68204,68226,ACCGGCCTCTTTGGCTGGGG,42,1.0,+,0,2:0|3:0,*,gRNA_1__86
chrI,68205,68227,CCGGCCTCTTTGGCTGGGGA,48,1.0,+,0,2:0|3:0,*,gRNA_1__87
chrI,68205,68227,CCCTCCCCAGCCAAAGAGGC,45,1.0,-,0,2:0|3:0,*,gRNA_1__88
chrI,68209,68231,TCTTCCCTCCCCAGCCAAAG,56,1.0,-,0,2:0|3:0,*,gRNA_1__89
chrI,68212,68234,CTTTGGCTGGGGAGGGAAGA,28,1.0,+,0,2:0|3:0,*,gRNA_1__90
chrI,68213,68235,TTTGGCTGGGGAGGGAAGAA,45,1.0,+,0,2:0|3:0,*,gRNA_1__91
chrI,68214,68236,TTGGCTGGGGAGGGAAGAAG,44,1.0,+,0,2:0|3:0,*,gRNA_1__92
chrI,68215,68237,TGGCTGGGGAGGGAAGAAGG,55,1.0,+,0,2:0|3:0,*,gRNA_1__93
chrI,68218,68240,CTGGGGAGGGAAGAAGGGGG,38,1.0,+,0,2:0|3:0,*,gRNA_1__94
chrI,68249,68271,GAAAGCCCTATCGCGATATG,45,1.0,+,0,2:0|3:0,*,gRNA_1__95
chrI,68250,68272,AAAGCCCTATCGCGATATGA,61,1.0,+,0,2:0|3:0,*,gRNA_1__96
chrI,68254,68276,CGGTCCCTCATATCGCGATA,56,1.0,-,0,2:0|3:0,*,gRNA_1__97
chrI,68255,68277,TCGGTCCCTCATATCGCGAT,55,1.0,-,0,2:0|3:0,*,gRNA_1__98
chrI,68274,68296,GAAAGTATGCTGATACAGAT,63,1.0,-,0,2:0|3:0,*,gRNA_1__99
chrI,68276,68298,GATCTGTATCAGCATACTTT,47,1.0,+,0,2:0|3:0,*,gRNA_1__100
chrI,68287,68309,GCATACTTTCGGTATCATCA,71,1.0,+,0,2:0|3:0,*,gRNA_1__101
chrI,68294,68316,TTCGGTATCATCACGGTCGC,51,1.0,+,0,2:0|3:0,*,gRNA_1__102
chrI,68328,68350,GAATGAGTTAGCTGTTTTAC,27,1.0,+,0,2:0|3:0,*,gRNA_1__103
chrI,68351,68373,ATTCGTCTCGTTTGAACGCT,36,1.0,-,0,2:0|3:0,*,gRNA_1__104
chrI,68353,68375,AAGCGTTCAAACGAGACGAA,64,1.0,+,0,2:0|3:0,*,gRNA_1__105
chrI,68385,68407,ACTCGGCGGGTTTTCTTGAC,45,1.0,-,0,2:0|3:0,*,gRNA_1__106
chrI,68386,68408,AACTCGGCGGGTTTTCTTGA,42,1.0,-,0,2:0|3:0,*,gRNA_1__107
chrI,68398,68420,CGTTTAGGAAAAAACTCGGC,53,1.0,-,0,2:0|3:0,*,gRNA_1__108
chrI,68399,68421,CCGCCGAGTTTTTTCCTAAA,39,1.0,+,0,2:0|3:0,*,gRNA_1__109
chrI,68399,68421,CCGTTTAGGAAAAAACTCGG,74,1.0,-,0,2:0|3:0,*,gRNA_1__110
chrI,68400,68422,CGCCGAGTTTTTTCCTAAAC,35,1.0,+,0,2:0|3:0,*,gRNA_1__111
chrI,68402,68424,TACCCGTTTAGGAAAAAACT,56,1.0,-,0,2:0|3:0,*,gRNA_1__112
chrI,68413,68435,CATGGCTGTTTTACCCGTTT,32,1.0,-,0,2:0|3:0,*,gRNA_1__113
chrI,68431,68453,CGTCGACGTGCTGCGGTGCA,44,1.0,-,0,2:0|3:0,*,gRNA_1__114
chrI,68434,68456,TGCACCGCAGCACGTCGACG,70,1.0,+,0,2:0|3:0,*,gRNA_1__115
chrI,68438,68460,ATCACCTCGTCGACGTGCTG,55,1.0,-,0,2:0|3:0,*,gRNA_1__116
chrI,68452,68474,CGAGGTGATATTTCCAATTT,30,1.0,+,0,2:0|3:0,*,gRNA_1__117
chrI,68481,68503,AGAGGCTACATTACTGATTT,34,1.0,-,0,2:0|3:0,*,gRNA_1__118
chrI,68482,68504,TAGAGGCTACATTACTGATT,28,1.0,-,0,2:0|3:0,*,gRNA_1__119
chrI,68485,68507,AATCAGTAATGTAGCCTCTA,48,1.0,+,0,2:0|3:0,*,gRNA_1__120
chrI,68486,68508,ATCAGTAATGTAGCCTCTAC,52,1.0,+,0,2:0|3:0,*,gRNA_1__121
chrI,68499,68521,GCTGACAGAGACACCCGTAG,70,1.0,-,0,2:0|3:0,*,gRNA_1__122
chrI,68506,68528,GGGTGTCTCTGTCAGCCCCG,70,1.0,+,0,2:0|3:0,*,gRNA_1__123
chrI,68521,68543,ATTCTGTGCTGGCGACCACG,68,1.0,-,0,2:0|3:0,*,gRNA_1__124
chrI,68522,68544,CATTCTGTGCTGGCGACCAC,39,1.0,-,0,2:0|3:0,*,gRNA_1__125
chrI,68523,68545,ACATTCTGTGCTGGCGACCA,43,1.0,-,0,2:0|3:0,*,gRNA_1__126
chrI,68532,68554,GGGTACGATACATTCTGTGC,55,1.0,-,0,2:0|3:0,*,gRNA_1__127
chrI,68539,68561,AGAATGTATCGTACCCCTGA,64,1.0,+,0,2:0|3:0,*,gRNA_1__128
chrI,68553,68575,GCGGTAAAAAACTACCTTCA,49,1.0,-,0,2:0|3:0,*,gRNA_1__129
chrI,68554,68576,GGCGGTAAAAAACTACCTTC,46,1.0,-,0,2:0|3:0,*,gRNA_1__130
chrI,68558,68580,AAGGTAGTTTTTTACCGCCG,60,1.0,+,0,2:0|3:0,*,gRNA_1__131
chrI,68571,68593,ACCGCCGTGGCACACGATAA,37,1.0,+,0,2:0|3:0,*,gRNA_1__132
chrI,68572,68594,ACCTTTATCGTGTGCCACGG,66,1.0,-,0,2:0|3:0,*,gRNA_1__133
chrI,68575,68597,TGCACCTTTATCGTGTGCCA,60,1.0,-,0,2:0|3:0,*,gRNA_1__134
chrI,68591,68613,AGGTGCACCTTGTGATAATA,36,1.0,+,0,2:0|3:0,*,gRNA_1__135
chrI,68594,68616,TGCACCTTGTGATAATAAGG,64,1.0,+,0,2:0|3:0,*,gRNA_1__136
chrI,68598,68620,TTTTCCACCTTATTATCACA,60,1.0,-,0,2:0|3:0,*,gRNA_1__137
chrI,68638,68660,AAATTGATTGTGGCTGCACT,56,1.0,+,0,2:0|3:0,*,gRNA_1__138
chrI,68682,68704,CTATTTACACGTACTTACGC,62,1.0,+,0,2:0|3:0,*,gRNA_1__139
chrI,68699,68721,CGCTGGCTGTATATCATTTA,7,1.0,+,0,2:0|3:0,*,gRNA_1__140
chrI,68700,68722,GCTGGCTGTATATCATTTAA,43,1.0,+,0,2:0|3:0,*,gRNA_1__141
chrI,68701,68723,CTGGCTGTATATCATTTAAG,64,1.0,+,0,2:0|3:0,*,gRNA_1__142
chrI,68704,68726,GCTGTATATCATTTAAGGGG,64,1.0,+,0,2:0|3:0,*,gRNA_1__143
chrI,68707,68729,GTATATCATTTAAGGGGCGG,56,1.0,+,0,2:0|3:0,*,gRNA_1__144
chrI,68716,68738,TTAAGGGGCGGAGGACGAAG,63,1.0,+,0,2:0|3:0,*,gRNA_1__145
chrI,68736,68758,AGGACGGACCCGAGATCATC,47,1.0,+,0,2:0|3:0,*,gRNA_1__146
chrI,68744,68766,TTCTTGGACCGGATGATCTC,45,1.0,-,0,2:0|3:0,*,gRNA_1__147
chrI,68745,68767,TTTCTTGGACCGGATGATCT,42,1.0,-,0,2:0|3:0,*,gRNA_1__148
chrI,68748,68770,AGATCATCCGGTCCAAGAAA,48,1.0,+,0,2:0|3:0,*,gRNA_1__149
chrI,68749,68771,GATCATCCGGTCCAAGAAAC,44,1.0,+,0,2:0|3:0,*,gRNA_1__150
chrI,68755,68777,GGATGACCCGTTTCTTGGAC,52,1.0,-,0,2:0|3:0,*,gRNA_1__151
chrI,68757,68779,GGTCCAAGAAACGGGTCATC,49,1.0,+,0,2:0|3:0,*,gRNA_1__152
chrI,68760,68782,GGACCGGATGACCCGTTTCT,30,1.0,-,0,2:0|3:0,*,gRNA_1__153
chrI,68776,68798,GTCTAGACAATGCTAAGGAC,53,1.0,-,0,2:0|3:0,*,gRNA_1__154
chrI,68781,68803,AGATAGTCTAGACAATGCTA,64,1.0,-,0,2:0|3:0,*,gRNA_1__155
chrI,68784,68806,TAGCATTGTCTAGACTATCT,38,1.0,+,0,2:0|3:0,*,gRNA_1__156
chrI,68785,68807,AGCATTGTCTAGACTATCTA,54,1.0,+,0,2:0|3:0,*,gRNA_1__157
chrI,68789,68811,TTGTCTAGACTATCTAGGGC,56,1.0,+,0,2:0|3:0,*,gRNA_1__158
chrI,68793,68815,CTAGACTATCTAGGGCAGGA,67,1.0,+,0,2:0|3:0,*,gRNA_1__159
chrI,68805,68827,GGGCAGGACGGACATCCACG,72,1.0,+,0,2:0|3:0,*,gRNA_1__160
chrI,68813,68835,CGGACATCCACGTGGAAAGT,51,1.0,+,0,2:0|3:0,*,gRNA_1__161
chrI,68820,68842,CGGAATGCCTACTTTCCACG,64,1.0,-,0,2:0|3:0,*,gRNA_1__162
chrI,68833,68855,AGGCATTCCGTTTTCGTCGT,47,1.0,+,0,2:0|3:0,*,gRNA_1__163
chrI,68834,68856,GGCATTCCGTTTTCGTCGTC,38,1.0,+,0,2:0|3:0,*,gRNA_1__164
chrI,68840,68862,GGAGGGCCCGACGACGAAAA,51,1.0,-,0,2:0|3:0,*,gRNA_1__165
chrI,68857,68879,ACGTCTTGGATTTCTACGGA,63,1.0,-,0,2:0|3:0,*,gRNA_1__166
chrI,68858,68880,TACGTCTTGGATTTCTACGG,62,1.0,-,0,2:0|3:0,*,gRNA_1__167
chrI,68861,68883,AGATACGTCTTGGATTTCTA,52,1.0,-,0,2:0|3:0,*,gRNA_1__168
chrI,68871,68893,CAAGGAAGTTAGATACGTCT,45,1.0,-,0,2:0|3:0,*,gRNA_1__169
chrI,68875,68897,GACGTATCTAACTTCCTTGA,43,1.0,+,0,2:0|3:0,*,gRNA_1__170
chrI,68882,68904,CTAACTTCCTTGAAGGTTGG,44,1.0,+,0,2:0|3:0,*,gRNA_1__171
chrI,68889,68911,ACAACAACCTCCAACCTTCA,49,1.0,-,0,2:0|3:0,*,gRNA_1__172
chrI,68910,68932,GTTCCGCTTTGCGCTCGCCT,49,1.0,+,0,2:0|3:0,*,gRNA_1__173
chrI,68913,68935,ACTCCGAGGCGAGCGCAAAG,70,1.0,-,0,2:0|3:0,*,gRNA_1__174
chrI,67198,67220,CGCATCTTCGGATTAACTTG,53,0.97122302,+,1,2:0|3:1,*,gRNA_1__175
chrI,67334,67356,ATTCTCTTTTAACGAGATTA,31,0.74468085,+,1,2:0|3:1,*,gRNA_1__176
chrI,67431,67453,GACAGAGGCGGCAGTGGCGG,42,0.83081571,+,1,2:0|3:1,*,gRNA_1__177
chrI,67739,67761,AAAGAGAAATAGAAAAAGGT,43,0.98003072,+,1,2:0|3:1,*,gRNA_1__178
chrI,67970,67992,AGGAAGAAAAAAAAAAGATG,54,0.85492228,+,1,2:0|3:1,*,gRNA_1__179
chrI,68451,68473,ACGAGGTGATATTTCCAATT,21,0.6133829,+,1,2:0|3:1,*,gRNA_1__180
chrI,68552,68574,CGGTAAAAAACTACCTTCAG,63,0.91464046,-,1,2:0|3:1,*,gRNA_1__181
chrI,68659,68681,GGACATCATTATTTCTTACT,42,0.89189189,+,1,2:0|3:1,*,gRNA_1__182
chrI,68720,68742,GGGGCGGAGGACGAAGAGGA,59,0.73387097,+,1,2:0|3:1,*,gRNA_1__183
chrI,68879,68901,TATCTAACTTCCTTGAAGGT,48,0.60066556,+,1,2:0|3:1,*,gRNA_1__184
chrI,68628,68650,TGAAAAAGTGAAATTGATTG,56,0.90163934,+,2,2:0|3:2,*,gRNA_1__185
chrI,67735,67757,AAGAAAAGAGAAATAGAAAA,31,0.32213812,+,6,2:0|3:6,*,gRNA_1__186
chrI,67971,67993,GGAAGAAAAAAAAAAGATGA,49,0.49344948,+,6,2:1|3:5,*,gRNA_1__187
