chromosome,start,end,gRNA,cutting efficiency score,cutting specificity score,strand,offtargets sum,offtargets summary,annotation,gRNA label
chr14,33325772,33325794,TGGAGGCACCCCCCAGGTAG,*,*,-,0,2:0,*,gRNA_1__1
chr14,33325773,33325795,TTGGAGGCACCCCCCAGGTA,*,*,-,0,2:0,*,gRNA_1__2
chr14,33325855,33325877,GGTTCTCCCAGCACACAGCT,*,*,-,0,2:0,*,gRNA_1__3
chr14,33326379,33326401,TGGGGAATGCCAGACAGTGG,*,*,-,0,2:0,*,gRNA_1__4
chr14,33326443,33326465,AGCGTGAGCGACCAGAAGAC,*,*,-,0,2:0,*,gRNA_1__5
chr14,33326445,33326467,TGTCTTCTGGTCGCTCACGC,*,*,+,0,2:0,*,gRNA_1__6
chr14,33326446,33326468,GTCTTCTGGTCGCTCACGCT,*,*,+,0,2:0,*,gRNA_1__7
chr14,33326509,33326531,TTTAAAACAGAATTGACGGG,*,*,-,0,2:0,*,gRNA_1__8
chr14,33326511,33326533,ACCCGTCAATTCTGTTTTAA,*,*,+,0,2:0,*,gRNA_1__9
chr14,33326512,33326534,ACCTTTAAAACAGAATTGAC,*,*,-,0,2:0,*,gRNA_1__10
chr14,33326513,33326535,CACCTTTAAAACAGAATTGA,*,*,-,0,2:0,*,gRNA_1__11
chr14,33326566,33326588,GTTTTTGCTTGGTTCTCTTG,*,*,-,0,2:0,*,gRNA_1__12
chr14,33326567,33326589,AGTTTTTGCTTGGTTCTCTT,*,*,-,0,2:0,*,gRNA_1__13
chr14,33326568,33326590,AAGTTTTTGCTTGGTTCTCT,*,*,-,0,2:0,*,gRNA_1__14
chr14,33326635,33326657,CACTATAAGTATAATGGATT,*,*,-,0,2:0,*,gRNA_1__15
chr14,33326641,33326663,TAGAAGCACTATAAGTATAA,*,*,-,0,2:0,*,gRNA_1__16
chr14,33326686,33326708,TATAGTAGTGCTGTGTAACT,*,*,-,0,2:0,*,gRNA_1__17
chr14,33326706,33326728,ATATGTCCAAATATTCTTCA,*,*,+,0,2:0,*,gRNA_1__18
chr14,33326712,33326734,AAAGTACCTTGAAGAATATT,*,*,-,0,2:0,*,gRNA_1__19
chr14,33326729,33326751,TACTTTATAAATGTAAACTC,*,*,+,0,2:0,*,gRNA_1__20
chr14,33326730,33326752,ACTTTATAAATGTAAACTCA,*,*,+,0,2:0,*,gRNA_1__21
chr14,33326735,33326757,ATAAATGTAAACTCAGGGTG,*,*,+,0,2:0,*,gRNA_1__22
chr14,33326740,33326762,TGTAAACTCAGGGTGTGGTG,*,*,+,0,2:0,*,gRNA_1__23
chr14,33326743,33326765,AAACTCAGGGTGTGGTGTGG,*,*,+,0,2:0,*,gRNA_1__24
chr14,33326778,33326800,ATCCCTCACTTGGGAAGCTG,*,*,+,0,2:0,*,gRNA_1__25
chr14,33326781,33326803,CCACCTCAGCTTCCCAAGTG,*,*,-,0,2:0,*,gRNA_1__26
chr14,33327050,33327072,CAAAACATATAAATTCATAT,*,*,+,0,2:0,*,gRNA_1__27
chr14,33327073,33327095,TAAAGTGGTATCTAATTCAT,*,*,-,0,2:0,*,gRNA_1__28
chr14,33327080,33327102,ATTAGATACCACTTTAAAAA,*,*,+,0,2:0,*,gRNA_1__29
chr14,33327088,33327110,CAGTTGCTCCATTTTTAAAG,*,*,-,0,2:0,*,gRNA_1__30
chr14,33327105,33327127,CAACTGATGTACAGAGAAGT,*,*,+,0,2:0,*,gRNA_1__31
chr14,33327136,33327158,GCAAGTTCCCAGAAATAGTG,*,*,+,0,2:0,*,gRNA_1__32
chr14,33327143,33327165,TCTCACTCCACACTATTTCT,*,*,-,0,2:0,*,gRNA_1__33
chr14,33327144,33327166,TTCTCACTCCACACTATTTC,*,*,-,0,2:0,*,gRNA_1__34
chr14,33327148,33327170,AAATAGTGTGGAGTGAGAAC,*,*,+,0,2:0,*,gRNA_1__35
chr14,33327149,33327171,AATAGTGTGGAGTGAGAACT,*,*,+,0,2:0,*,gRNA_1__36
chr14,33327185,33327207,GTGGTTACACACTTGGTTTC,*,*,-,0,2:0,*,gRNA_1__37
chr14,33327192,33327214,TTGGATAGTGGTTACACACT,*,*,-,0,2:0,*,gRNA_1__38
chr14,33327204,33327226,AGCAGTAGAGGATTGGATAG,*,*,-,0,2:0,*,gRNA_1__39
chr14,33327211,33327233,CTCAGCAAGCAGTAGAGGAT,*,*,-,0,2:0,*,gRNA_1__40
chr14,33327216,33327238,CTTTGCTCAGCAAGCAGTAG,*,*,-,0,2:0,*,gRNA_1__41
chr14,33327263,33327285,AACTACTCATAGAATTAAAA,*,*,-,0,2:0,*,gRNA_1__42
chr14,33327291,33327313,ATCAACAAATATACACTTTA,*,*,-,0,2:0,*,gRNA_1__43
chr14,33327298,33327320,GTGTATATTTGTTGATATGT,*,*,+,0,2:0,*,gRNA_1__44
chr14,33327299,33327321,TGTATATTTGTTGATATGTA,*,*,+,0,2:0,*,gRNA_1__45
chr14,33327300,33327322,GTATATTTGTTGATATGTAG,*,*,+,0,2:0,*,gRNA_1__46
chr14,33327376,33327398,AAATCCCTGTTATCAAGAGA,*,*,+,0,2:0,*,gRNA_1__47
chr14,33327380,33327402,AAAGCCATCTCTTGATAACA,*,*,-,0,2:0,*,gRNA_1__48
chr14,33327381,33327403,TAAAGCCATCTCTTGATAAC,*,*,-,0,2:0,*,gRNA_1__49
chr14,33327416,33327438,GTGTTTGATCGTAGGTTTCT,*,*,-,0,2:0,*,gRNA_1__50
chr14,33327424,33327446,TTGTATGTGTGTTTGATCGT,*,*,-,0,2:0,*,gRNA_1__51
chr14,33327448,33327470,TCTGGAAGTTTTGAAATTTG,*,*,-,0,2:0,*,gRNA_1__52
chr14,33327466,33327488,TTCTATTTATGTTACTCCTC,*,*,-,0,2:0,*,gRNA_1__53
chr14,33327489,33327511,ATGTCACACTTCCCCTAGTG,*,*,+,0,2:0,*,gRNA_1__54
chr14,33327500,33327522,AAACATGTATACCACACTAG,*,*,-,0,2:0,*,gRNA_1__55
chr14,33327501,33327523,AAAACATGTATACCACACTA,*,*,-,0,2:0,*,gRNA_1__56
chr14,33327502,33327524,GAAAACATGTATACCACACT,*,*,-,0,2:0,*,gRNA_1__57
chr14,33327508,33327530,GTGGTATACATGTTTTCAAA,*,*,+,0,2:0,*,gRNA_1__58
chr14,33327521,33327543,TTTCAAATGGATCTGAAATT,*,*,+,0,2:0,*,gRNA_1__59
chr14,33327558,33327580,TGACGTAGCTCTGCTGCTTG,*,*,-,0,2:0,*,gRNA_1__60
chr14,33327559,33327581,CTGACGTAGCTCTGCTGCTT,*,*,-,0,2:0,*,gRNA_1__61
chr14,33327560,33327582,CCAAGCAGCAGAGCTACGTC,*,*,+,0,2:0,*,gRNA_1__62
chr14,33327560,33327582,CCTGACGTAGCTCTGCTGCT,*,*,-,0,2:0,*,gRNA_1__63
chr14,33327585,33327607,AGAGCGTCCTGCAAATATCC,*,*,+,0,2:0,*,gRNA_1__64
chr14,33327592,33327614,AGAAAGTCCAGGATATTTGC,*,*,-,0,2:0,*,gRNA_1__65
chr14,33327602,33327624,TCCTGGACTTTCTACACTCA,*,*,+,0,2:0,*,gRNA_1__66
chr14,33327603,33327625,TCCTTGAGTGTAGAAAGTCC,*,*,-,0,2:0,*,gRNA_1__67
chr14,33327612,33327634,TCTACACTCAAGGAAAACTG,*,*,+,0,2:0,*,gRNA_1__68
chr14,33327613,33327635,CTACACTCAAGGAAAACTGA,*,*,+,0,2:0,*,gRNA_1__69
chr14,33327614,33327636,TACACTCAAGGAAAACTGAG,*,*,+,0,2:0,*,gRNA_1__70
chr14,33327637,33327659,TCAAGGCTGAAATATTTTCA,*,*,-,0,2:0,*,gRNA_1__71
chr14,33327654,33327676,CTGATACTTGCATGGGCTCA,*,*,-,0,2:0,*,gRNA_1__72
chr14,33327661,33327683,GGCAGCACTGATACTTGCAT,*,*,-,0,2:0,*,gRNA_1__73
chr14,33327662,33327684,AGGCAGCACTGATACTTGCA,*,*,-,0,2:0,*,gRNA_1__74
chr14,33327682,33327704,CCTCTTCAATGATGAAAAAG,*,*,-,0,2:0,*,gRNA_1__75
chr14,33322829,33322851,CTTTTTTGGTTGTCTCTGCC,*,*,+,1,2:1,*,gRNA_1__76
chr14,33325576,33325598,TTAGGGTCCTGATGGTTAGA,*,*,-,1,2:1,*,gRNA_1__77
chr14,33325584,33325606,CCATCAGGACCCTAAGCTGC,*,*,+,1,2:1,*,gRNA_1__78
chr14,33325764,33325786,TCATTCTGCCCCTACCTGGG,*,*,+,1,2:1,*,gRNA_1__79
chr14,33326380,33326402,CTGGGGAATGCCAGACAGTG,*,*,-,1,2:1,*,gRNA_1__80
chr14,33326432,33326454,TGCAGAAATCACCTGTCTTC,*,*,+,1,2:1,*,gRNA_1__81
chr14,33326498,33326520,ATTGACGGGTGGAGCCAAGA,*,*,-,1,2:1,*,gRNA_1__82
chr14,33326577,33326599,ACTTTTTTGAAGTTTTTGCT,*,*,-,1,2:1,*,gRNA_1__83
chr14,33326772,33326794,CTTCCCAAGTGAGGGATTAC,*,*,-,1,2:1,*,gRNA_1__84
chr14,33326781,33326803,CCTCACTTGGGAAGCTGAGG,*,*,+,1,2:1,*,gRNA_1__85
chr14,33327106,33327128,AACTGATGTACAGAGAAGTT,*,*,+,1,2:1,*,gRNA_1__86
chr14,33327232,33327254,AGCAAAGCATTATTTAAAGA,*,*,+,1,2:1,*,gRNA_1__87
chr14,33327450,33327472,TCAAATTTCAAAACTTCCAG,*,*,+,1,2:1,*,gRNA_1__88
chr14,33327552,33327574,AGCTCTGCTGCTTGGGGTTA,*,*,-,1,2:1,*,gRNA_1__89
chr14,33327682,33327704,CCTCTTTTTCATCATTGAAG,*,*,+,1,2:1,*,gRNA_1__90
chr14,33325774,33325796,CTTGGAGGCACCCCCCAGGT,*,*,-,2,2:2,*,gRNA_1__91
chr14,33324328,33324350,TCCAAGTACAAGGCACAGAC,*,*,-,3,2:3,*,gRNA_1__92
chr14,33326768,33326790,CATGCCTGTAATCCCTCACT,*,*,+,3,2:3,*,gRNA_1__93
chr14,33326780,33326802,CACCTCAGCTTCCCAAGTGA,*,*,-,4,2:4,*,gRNA_1__94
chr14,33324338,33324360,GGCTAAATGCTCCAAGTACA,*,*,-,5,2:5,*,gRNA_1__95
chr14,33324327,33324349,GCCAGTCTGTGCCTTGTACT,*,*,+,7,2:7,*,gRNA_1__96
chr14,33325762,33325784,TGTCATTCTGCCCCTACCTG,*,*,+,7,2:7,*,gRNA_1__97
chr14,33325841,33325863,ACAGCTTGGGATCTGAGAAT,*,*,-,7,2:7,*,gRNA_1__98
chr14,33325763,33325785,GTCATTCTGCCCCTACCTGG,*,*,+,8,2:8,*,gRNA_1__99
chr14,33325149,33325171,GTTGATTGCATTGGTTACTG,*,*,+,9,2:9,*,gRNA_1__100
chr14,33325761,33325783,GTGTCATTCTGCCCCTACCT,*,*,+,9,2:9,*,gRNA_1__101
chr14,33325146,33325168,CAGTAACCAATGCAATCAAC,*,*,-,10,2:10,*,gRNA_1__102
chr14,33325778,33325800,CTAACTTGGAGGCACCCCCC,*,*,-,10,2:10,*,gRNA_1__103
chr14,33325854,33325876,GTTCTCCCAGCACACAGCTT,*,*,-,18,2:18,*,gRNA_1__104
chr14,33324446,33324468,CGTTTTCTTCCTAGCCTCGA,*,*,+,19,2:19,*,gRNA_1__105
chr14,33325284,33325306,AGTTTTAACTTCTTTGCCAT,*,*,+,30,2:30,*,gRNA_1__106
chr14,33325459,33325481,CGAAAACAGAGCAGAAAAAC,*,*,-,44,2:44,*,gRNA_1__107
chr14,33325351,33325373,TTTGACGAGATGAGAGACGA,*,*,-,95,2:95,*,gRNA_1__108
chr14,33325473,33325495,CTGTTTTCGCCCCATCTTTG,*,*,+,140,2:140,*,gRNA_1__109
